<?xml version="1.0" encoding="UTF-8"?>
<project version="4">
  <component name="dataSourceStorageLocal" created-in="IU-222.3739.54">
    <data-source name="@localhost" uuid="ba2d973c-497d-445c-a1c0-a1df455ea4f1">
      <database-info product="MySQL" version="8.0.30" jdbc-version="4.2" driver-name="MySQL Connector/J" driver-version="mysql-connector-java-8.0.25 (Revision: 08be9e9b4cba6aa115f9b27b215887af40b159e0)" dbms="MYSQL" exact-version="8.0.30" exact-driver-version="8.0">
        <extra-name-characters>#@</extra-name-characters>
        <identifier-quote-string>`</identifier-quote-string>
      </database-info>
      <case-sensitivity plain-identifiers="lower" quoted-identifiers="lower" />
      <secret-storage>master_key</secret-storage>
      <user-name>root</user-name>
      <schema-mapping>
        <introspection-scope>
          <node kind="schema" qname="green" />
        </introspection-scope>
      </schema-mapping>
    </data-source>
  </component>
</project>