<?xml version="1.0" encoding="UTF-8"?>
<project version="4">
  <component name="DataSourceManagerImpl" format="xml" multifile-model="true">
    <data-source source="LOCAL" name="@localhost" uuid="ba2d973c-497d-445c-a1c0-a1df455ea4f1">
      <driver-ref>mysql.8</driver-ref>
      <synchronize>true</synchronize>
      <jdbc-driver>com.mysql.cj.jdbc.Driver</jdbc-driver>
      <jdbc-url>jdbc:mysql://localhost:3306</jdbc-url>
      <working-dir>$ProjectFileDir$</working-dir>
    </data-source>
  </component>
</project>