<?xml version="1.0" encoding="UTF-8"?>
<project version="4">
  <component name="WebContextManager">
    <option name="state">
      <map>
        <entry key="file://$PROJECT_DIR$/src/main/webapp/WEB-INF/views/book_list.jsp" value="file://$PROJECT_DIR$/src/main/webapp/WEB-INF/views" />
        <entry key="file://$PROJECT_DIR$/src/main/webapp/WEB-INF/views/chat.jsp" value="file://$PROJECT_DIR$/src/main/webapp/WEB-INF/views" />
        <entry key="file://$PROJECT_DIR$/src/main/webapp/WEB-INF/views/index.jsp" value="file://$PROJECT_DIR$/src/main/webapp/WEB-INF/views" />
        <entry key="file://$PROJECT_DIR$/src/main/webapp/WEB-INF/views/member/signup.jsp" value="file://$PROJECT_DIR$/src/main/webapp/WEB-INF/views/member" />
        <entry key="file://$PROJECT_DIR$/src/main/webapp/WEB-INF/views/product/productDetail.jsp" value="file://$PROJECT_DIR$/src/main/webapp/WEB-INF/views/product" />
        <entry key="file://$PROJECT_DIR$/src/main/webapp/WEB-INF/views/view_chat.jsp" value="file://$PROJECT_DIR$/src/main/webapp/WEB-INF/views" />
      </map>
    </option>
  </component>
</project>