<?xml version="1.0" encoding="UTF-8"?>
<project version="4">
  <component name="ArtifactsWorkspaceSettings">
    <artifacts-to-build>
      <artifact name="greenbook:war exploded" />
    </artifacts-to-build>
  </component>
  <component name="AutoImportSettings">
    <option name="autoReloadType" value="SELECTIVE" />
  </component>
  <component name="ChangeListManager">
    <list default="true" id="b639c701-86e4-449f-8efd-fb0d47d13de3" name="Changes" comment="commit" />
    <option name="SHOW_DIALOG" value="false" />
    <option name="HIGHLIGHT_CONFLICTS" value="true" />
    <option name="HIGHLIGHT_NON_ACTIVE_CHANGELIST" value="false" />
    <option name="LAST_RESOLUTION" value="IGNORE" />
  </component>
  <component name="FileTemplateManagerImpl">
    <option name="RECENT_TEMPLATES">
      <list>
        <option value="Interface" />
        <option value="CSS File" />
        <option value="spring-beans.schema" />
        <option value="Class" />
        <option value="Jsp File" />
        <option value="JavaScript File" />
      </list>
    </option>
  </component>
  <component name="Git.Settings">
    <option name="RECENT_GIT_ROOT_PATH" value="$PROJECT_DIR$" />
  </component>
  <component name="LogFilters">
    <option name="FILTER_ERRORS" value="false" />
    <option name="FILTER_WARNINGS" value="false" />
    <option name="FILTER_INFO" value="true" />
    <option name="FILTER_DEBUG" value="true" />
    <option name="CUSTOM_FILTER" />
  </component>
  <component name="MarkdownSettingsMigration">
    <option name="stateVersion" value="1" />
  </component>
  <component name="ProblemsViewState">
    <option name="selectedTabId" value="CurrentFile" />
  </component>
  <component name="ProjectId" id="2GJ6ikBhviOf70UzAOWOq0Io3hA" />
  <component name="ProjectLevelVcsManager" settingsEditedManually="true">
    <ConfirmationsSetting value="2" id="Add" />
  </component>
  <component name="ProjectViewState">
    <option name="hideEmptyMiddlePackages" value="true" />
    <option name="showLibraryContents" value="true" />
  </component>
  <component name="PropertiesComponent"><![CDATA[{
  "keyToString": {
    "ASKED_ADD_EXTERNAL_FILES": "true",
    "RunOnceActivity.OpenProjectViewOnStart": "true",
    "RunOnceActivity.ShowReadmeOnStart": "true",
    "SHARE_PROJECT_CONFIGURATION_FILES": "true",
    "WebServerToolWindowFactoryState": "false",
    "last_opened_file_path": "D:/woosung/project/greenbook/src/main/resources/mapper",
    "list.type.of.created.stylesheet": "CSS",
    "node.js.detected.package.eslint": "true",
    "node.js.detected.package.stylelint": "true",
    "node.js.detected.package.tslint": "true",
    "node.js.selected.package.eslint": "(autodetect)",
    "node.js.selected.package.stylelint": "",
    "node.js.selected.package.tslint": "(autodetect)",
    "nodejs_package_manager_path": "npm",
    "project.structure.last.edited": "Project",
    "project.structure.proportion": "0.16015625",
    "project.structure.side.proportion": "0.19739293",
    "settings.editor.selected.configurable": "preferences.pluginManager",
    "spring.configuration.checksum": "54e29dfc52b1d42c996b334c87b332aa"
  },
  "keyToStringList": {
    "DatabaseDriversLRU": [
      "mysql"
    ],
    "GitStage.ChangesTree.GroupingKeys": [
      "directory",
      "module",
      "repository"
    ]
  }
}]]></component>
  <component name="RecentsManager">
    <key name="CreateClassDialog.RecentsKey">
      <recent name="com.project.greenbook.controller" />
    </key>
    <key name="CopyFile.RECENT_KEYS">
      <recent name="D:\woosung\project\greenbook\src\main\resources\mapper" />
      <recent name="D:\woosung\project\greenbook\src\main\java\com\project\greenbook\service" />
      <recent name="D:\woosung\project\greenbook\src\main\java\com\project\greenbook\dao" />
      <recent name="D:\woosung\project\greenbook\src\main\java\com\project\greenbook\controller" />
      <recent name="D:\woosung\project\greenbook\src\main\webapp\WEB-INF\views\product" />
    </key>
    <key name="MoveFile.RECENT_KEYS">
      <recent name="D:\LeeMinha\finalProject\마무리\greenbook\src\main\webapp\resources\js" />
      <recent name="D:\woosung\project\greenbook\src\main\webapp\WEB-INF\views\product" />
      <recent name="D:\woosung\project\greenbook\src\main\webapp\resources\css" />
      <recent name="D:\woosung\project\greenbook\src\main\java\com\project\greenbook\controller" />
      <recent name="D:\woosung\project\greenbook\src\main\java\com\project\greenbook\dao" />
    </key>
    <key name="CopyClassDialog.RECENTS_KEY">
      <recent name="com.project.greenbook.dto" />
      <recent name="com.project.greenbook.dao" />
      <recent name="com.project.greenbook.controller" />
    </key>
  </component>
  <component name="RunManager" selected="Tomcat Server.Tomcat 9.0.65">
    <configuration name="Tomcat 9.0.65" type="#com.intellij.j2ee.web.tomcat.TomcatRunConfigurationFactory" factoryName="Local" APPLICATION_SERVER_NAME="Tomcat 9.0.65" ALTERNATIVE_JRE_ENABLED="true" ALTERNATIVE_JRE_PATH="11" nameIsGenerated="true">
      <option name="COMMON_VM_ARGUMENTS" value="-Dfile.encoding=UTF-8 -Duser.language=en -Duser.region=en" />
      <option name="UPDATING_POLICY" value="restart-server" />
      <deployment>
        <artifact name="greenbook:war exploded">
          <settings>
            <option name="CONTEXT_PATH" value="/" />
          </settings>
        </artifact>
      </deployment>
      <server-settings>
        <option name="BASE_DIRECTORY_NAME" value="29e3db84-9290-4c98-871f-377d87122f3c" />
      </server-settings>
      <predefined_log_file enabled="true" id="Tomcat" />
      <predefined_log_file enabled="true" id="Tomcat Catalina" />
      <predefined_log_file id="Tomcat Manager" />
      <predefined_log_file id="Tomcat Host Manager" />
      <predefined_log_file id="Tomcat Localhost Access" />
      <RunnerSettings RunnerId="Debug">
        <option name="DEBUG_PORT" value="13770" />
      </RunnerSettings>
      <ConfigurationWrapper VM_VAR="JAVA_OPTS" RunnerId="Cover">
        <option name="USE_ENV_VARIABLES" value="true" />
        <STARTUP>
          <option name="USE_DEFAULT" value="true" />
          <option name="SCRIPT" value="" />
          <option name="VM_PARAMETERS" value="" />
          <option name="PROGRAM_PARAMETERS" value="" />
        </STARTUP>
        <SHUTDOWN>
          <option name="USE_DEFAULT" value="true" />
          <option name="SCRIPT" value="" />
          <option name="VM_PARAMETERS" value="" />
          <option name="PROGRAM_PARAMETERS" value="" />
        </SHUTDOWN>
      </ConfigurationWrapper>
      <ConfigurationWrapper VM_VAR="JAVA_OPTS" RunnerId="Debug">
        <option name="USE_ENV_VARIABLES" value="true" />
        <STARTUP>
          <option name="USE_DEFAULT" value="true" />
          <option name="SCRIPT" value="" />
          <option name="VM_PARAMETERS" value="" />
          <option name="PROGRAM_PARAMETERS" value="" />
        </STARTUP>
        <SHUTDOWN>
          <option name="USE_DEFAULT" value="true" />
          <option name="SCRIPT" value="" />
          <option name="VM_PARAMETERS" value="" />
          <option name="PROGRAM_PARAMETERS" value="" />
        </SHUTDOWN>
      </ConfigurationWrapper>
      <ConfigurationWrapper VM_VAR="JAVA_OPTS" RunnerId="Profile">
        <option name="USE_ENV_VARIABLES" value="true" />
        <STARTUP>
          <option name="USE_DEFAULT" value="true" />
          <option name="SCRIPT" value="" />
          <option name="VM_PARAMETERS" value="" />
          <option name="PROGRAM_PARAMETERS" value="" />
        </STARTUP>
        <SHUTDOWN>
          <option name="USE_DEFAULT" value="true" />
          <option name="SCRIPT" value="" />
          <option name="VM_PARAMETERS" value="" />
          <option name="PROGRAM_PARAMETERS" value="" />
        </SHUTDOWN>
      </ConfigurationWrapper>
      <ConfigurationWrapper VM_VAR="JAVA_OPTS" RunnerId="Run">
        <option name="USE_ENV_VARIABLES" value="true" />
        <STARTUP>
          <option name="USE_DEFAULT" value="true" />
          <option name="SCRIPT" value="" />
          <option name="VM_PARAMETERS" value="" />
          <option name="PROGRAM_PARAMETERS" value="" />
        </STARTUP>
        <SHUTDOWN>
          <option name="USE_DEFAULT" value="true" />
          <option name="SCRIPT" value="" />
          <option name="VM_PARAMETERS" value="" />
          <option name="PROGRAM_PARAMETERS" value="" />
        </SHUTDOWN>
      </ConfigurationWrapper>
      <method v="2">
        <option name="Make" enabled="true" />
        <option name="BuildArtifacts" enabled="true">
          <artifact name="greenbook:war exploded" />
        </option>
      </method>
    </configuration>
    <configuration name="Tomcat: greenbook" type="com.poratu.idea.plugins.tomcat">
      <predefined_log_file enabled="true" id="Tomcat Localhost Log" />
      <predefined_log_file enabled="true" id="Tomcat Access Log" />
      <predefined_log_file id="Tomcat Catalina Log" />
      <predefined_log_file id="Tomcat Manager Log" />
      <predefined_log_file id="Tomcat Host Manager Log" />
      <option name="contextPath" value="/greenbook" />
      <option name="docBase" value="$PROJECT_DIR$/src/main/webapp" />
      <option name="envOptions">
        <map />
      </option>
      <option name="tomcatInfo">
        <TomcatInfo>
          <option name="name" value="Apache Tomcat/9.0.68" />
          <option name="path" value="$PROJECT_DIR$/../../../../Program Files/Apache Software Foundation/Tomcat 9.0" />
          <option name="version" value="9.0.68.0" />
        </TomcatInfo>
      </option>
      <option name="vmOptions" value="" />
      <method v="2">
        <option name="Make" enabled="true" />
      </method>
    </configuration>
    <list>
      <item itemvalue="Tomcat Server.Tomcat 9.0.65" />
    </list>
  </component>
  <component name="SpellCheckerSettings" RuntimeDictionaries="0" Folders="0" CustomDictionaries="0" DefaultDictionary="application-level" UseSingleDictionary="true" transferred="true" />
  <component name="TaskManager">
    <task active="true" id="Default" summary="Default task">
      <changelist id="b639c701-86e4-449f-8efd-fb0d47d13de3" name="Changes" comment="" />
      <created>1666094470738</created>
      <option name="number" value="Default" />
      <option name="presentableId" value="Default" />
      <updated>1666094470738</updated>
      <workItem from="1666094471565" duration="4754000" />
      <workItem from="1666164594236" duration="790000" />
      <workItem from="1666165506542" duration="792000" />
      <workItem from="1666241986894" duration="324000" />
      <workItem from="1666242512875" duration="696000" />
      <workItem from="1666332202250" duration="3816000" />
      <workItem from="1666336532758" duration="5910000" />
      <workItem from="1666343500551" duration="2431000" />
      <workItem from="1666585786722" duration="17481000" />
      <workItem from="1666758448865" duration="18579000" />
      <workItem from="1666777360700" duration="58000" />
      <workItem from="1666844553477" duration="370000" />
      <workItem from="1666845306497" duration="146000" />
      <workItem from="1666845471733" duration="1515000" />
      <workItem from="1666847384956" duration="15699000" />
      <workItem from="1666863641332" duration="337000" />
      <workItem from="1666864045077" duration="37000" />
      <workItem from="1666931359218" duration="11652000" />
      <workItem from="1667190305348" duration="17849000" />
      <workItem from="1667277108022" duration="3374000" />
      <workItem from="1667280944790" duration="7776000" />
      <workItem from="1667369155621" duration="1878000" />
      <workItem from="1667372615946" duration="9766000" />
      <workItem from="1667450305491" duration="18928000" />
      <workItem from="1667535588058" duration="8367000" />
      <workItem from="1667552409103" duration="3205000" />
      <workItem from="1667804301160" duration="10549000" />
      <workItem from="1667882650112" duration="8542000" />
      <workItem from="1667969669264" duration="13720000" />
      <workItem from="1668056679789" duration="8014000" />
      <workItem from="1668065021372" duration="8789000" />
      <workItem from="1668142728067" duration="9243000" />
      <workItem from="1668155189328" duration="25000" />
      <workItem from="1668156055478" duration="2044000" />
      <workItem from="1668407075915" duration="466000" />
    </task>
    <task id="LOCAL-00001" summary="commit">
      <created>1666165959588</created>
      <option name="number" value="00001" />
      <option name="presentableId" value="LOCAL-00001" />
      <option name="project" value="LOCAL" />
      <updated>1666165959588</updated>
    </task>
    <option name="localTasksCounter" value="2" />
    <servers />
  </component>
  <component name="TypeScriptGeneratedFilesManager">
    <option name="version" value="3" />
  </component>
  <component name="UnknownFeatures">
    <option featureType="dependencySupport" implementationName="java:org.springframework:spring-core" />
    <option featureType="dependencySupport" implementationName="java:com.google.protobuf:protobuf-java" />
    <option featureType="com.intellij.configurationType" implementationName="com.poratu.idea.plugins.tomcat" />
    <option featureType="dependencySupport" implementationName="maven-packaging:war" />
    <option featureType="dependencySupport" implementationName="java:org.springframework:spring-webmvc" />
  </component>
  <component name="Vcs.Log.Tabs.Properties">
    <option name="TAB_STATES">
      <map>
        <entry key="MAIN">
          <value>
            <State />
          </value>
        </entry>
      </map>
    </option>
  </component>
  <component name="VcsManagerConfiguration">
    <option name="ADD_EXTERNAL_FILES_SILENTLY" value="true" />
    <ignored-roots>
      <path value="$PROJECT_DIR$" />
      <path value="$PROJECT_DIR$/.." />
    </ignored-roots>
    <MESSAGE value="commit" />
    <option name="LAST_COMMIT_MESSAGE" value="commit" />
  </component>
  <component name="XDebuggerManager">
    <breakpoint-manager>
      <breakpoints>
        <line-breakpoint enabled="true" type="javascript">
          <url>file://$PROJECT_DIR$/src/main/webapp/resources/js/bookListKakao.js</url>
          <line>9</line>
          <option name="timeStamp" value="1" />
        </line-breakpoint>
      </breakpoints>
    </breakpoint-manager>
  </component>
  <component name="XSLT-Support.FileAssociations.UIState">
    <expand>
      <path>
        <item name="greenbook" type="b2602c69:ProjectViewProjectNode" />
        <item name="greenbook" type="462c0819:PsiDirectoryNode" />
      </path>
    </expand>
    <select />
  </component>
</project>