<component name="libraryTable">
  <library name="Spring-5.2.3.RELEASE" type="spring">
    <properties version="5.2.3.RELEASE" />
    <CLASSES>
      <root url="jar://$PROJECT_DIR$/lib/spring-instrument-5.2.3.RELEASE.jar!/" />
      <root url="jar://$PROJECT_DIR$/lib/spring-aspects-5.2.3.RELEASE.jar!/" />
      <root url="jar://$PROJECT_DIR$/lib/commons-logging-1.2.jar!/" />
      <root url="jar://$PROJECT_DIR$/lib/spring-oxm-5.2.3.RELEASE.jar!/" />
      <root url="jar://$PROJECT_DIR$/lib/spring-context-support-5.2.3.RELEASE.jar!/" />
      <root url="jar://$PROJECT_DIR$/lib/spring-jms-5.2.3.RELEASE.jar!/" />
      <root url="jar://$PROJECT_DIR$/lib/spring-orm-5.2.3.RELEASE.jar!/" />
      <root url="jar://$PROJECT_DIR$/lib/spring-tx-5.2.3.RELEASE.jar!/" />
      <root url="jar://$PROJECT_DIR$/lib/spring-expression-5.2.3.RELEASE.jar!/" />
      <root url="jar://$PROJECT_DIR$/lib/spring-aop-5.2.3.RELEASE.jar!/" />
      <root url="jar://$PROJECT_DIR$/lib/spring-jdbc-5.2.3.RELEASE.jar!/" />
      <root url="jar://$PROJECT_DIR$/lib/aopalliance-1.0.jar!/" />
      <root url="jar://$PROJECT_DIR$/lib/spring-messaging-5.2.3.RELEASE.jar!/" />
      <root url="jar://$PROJECT_DIR$/lib/spring-beans-5.2.3.RELEASE.jar!/" />
      <root url="jar://$PROJECT_DIR$/lib/spring-test-5.2.3.RELEASE.jar!/" />
      <root url="jar://$PROJECT_DIR$/lib/spring-context-5.2.3.RELEASE.jar!/" />
      <root url="jar://$PROJECT_DIR$/lib/spring-core-5.2.3.RELEASE.jar!/" />
    </CLASSES>
    <JAVADOC />
    <SOURCES />
  </library>
</component>